term,p_value
Stress_Level_Medium,0.0529906013808196
SM_group_>5h,0.0917379235280816
Sleep_group_7-9h,0.1911403325009141
Sleep_group_<5h,0.201476218714013
lifestyle_risk,0.2418462662216197
Gender_Male,0.2480021312125819
Gender_Non-binary,0.2494480533758724
Stress_Level_Low,0.2780092383282445
Severity_filled_Unknown,0.4011628228473747
SM_group_3-5h,0.4027735721226512
