scenario,delta_pp,ci_low_pp,ci_high_pp,group
Sleep,-0.1452781595987468,-0.14897686315277048,-0.14128219509723747,Población total
SM,0.0807378255496094,0.07866776181369772,0.08303511291936544,Población total
Stress,-0.25013540712389426,-0.2549817352167136,-0.2456855962402043,Población total
