scenario,delta_pp,ci_low_pp,ci_high_pp,group
Sleep,-0.1452781595987468,-0.14947971044792202,-0.14107773641513133,Población total
SM,0.0807378255496094,0.0783089767188671,0.08312485157858776,Población total
Stress,-0.25013540712389426,-0.25488599949033874,-0.24499862166975306,Población total
