scenario,delta_pp,ci_low_pp,ci_high_pp,group
Sleep,-0.13683015215809613,-0.14966313391164096,-0.1247713482613559,Subcohorte riesgo
SM,0.08209825891641875,0.07412531729496546,0.09006878808438243,Subcohorte riesgo
Stress,-0.7525748574219837,-0.7743812239653363,-0.7311288445953921,Subcohorte riesgo
