scenario,delta_pp,ci_low_pp,ci_high_pp,group
Sleep,-0.8392282652397609,-0.8684413912454777,-0.8094445518387083,Subcohorte riesgo
SM,0.08860774124902493,0.07832367708374685,0.09857676256284545,Subcohorte riesgo
Stress,-0.7589440756432031,-0.7863275642748696,-0.730986768498684,Subcohorte riesgo
