SM_group,n,churn_1,rate,ci_low,ci_high
≤1h,5022,1275,0.25388291517323774,0.24203683896650138,0.266105226346468
1-3h,18235,4627,0.25374280230326296,0.24747920517636127,0.26011013265098215
3-5h,18231,4545,0.2493006417640283,0.24307421418775005,0.2556326969393413
>5h,8512,2113,0.24823778195488722,0.23917559674975503,0.25752710482994984
