Country,n,churn_1,rate,ci_low,ci_high
Other,7124,1810,0.2540707467714767,0.24409604735559243,0.26431052702692204
UK,6963,1760,0.2527646129541864,0.2426949327301181,0.2631069402777957
Germany,7156,1807,0.2525153717160425,0.24258395484866058,0.26271235368393
USA,7271,1825,0.2509971118140558,0.24116421787228867,0.2610929762539747
Australia,7014,1758,0.2506415739948674,0.2406376239741793,0.2609185139742808
Canada,7149,1782,0.2492656315568611,0.23937441360959516,0.25942616506406285
India,7323,1818,0.24825891028267102,0.2384981961952897,0.25828359979112864
