Severity_filled,n,churn_1,rate,ci_low,ci_high
Unknown,25002,6308,0.25229981601471885,0.24695442166486783,0.2577213149866218
Low,8261,2068,0.25033288948069243,0.24110870435756246,0.25978916276394504
Medium,8436,2111,0.2502370791844476,0.24110906601169374,0.2595924553900097
High,8301,2073,0.2497289483194796,0.24053450164611395,0.2591549240217399
