Age_group,n,churn_1,rate,ci_low,ci_high
18-29,12535,3198,0.25512564818508177,0.24757006450926625,0.2628312735919185
30-44,15680,3930,0.25063775510204084,0.24391603764675673,0.2574816256405128
45-59,15525,3877,0.24972624798711754,0.24297986264346105,0.25659645664557934
60+,6260,1555,0.24840255591054314,0.23785538194558742,0.259258326837033
