Stress_Level,n,churn_1,rate,ci_low,ci_high
High,16707,4274,0.25582091338959717,0.2492614131777354,0.2624926765187274
Low,16446,4121,0.2505776480603186,0.24401344717393836,0.25725834194711306
Medium,16847,4165,0.2472250252270434,0.24076886985265472,0.2537964299981895
