Work_group,n,churn_1,rate,ci_low,ci_high
56-70,14692,3714,0.25279063435883475,0.24582823949868918,0.25988226912686324
41-55,14822,3741,0.25239508838213465,0.24546673224543233,0.25945175616636446
≤40,10632,2676,0.2516930022573363,0.24353440751869576,0.2600309643004655
>70,9854,2429,0.24649888370204992,0.2380895048969303,0.2551058339741742
