PA_group,n,churn_1,rate,ci_low,ci_high
5-8h,13590,3474,0.2556291390728477,0.24836495184716184,0.26303143892873787
<2h,13775,3479,0.2525589836660617,0.2453730717984017,0.2598828656929165
>8h,9004,2236,0.24833407374500222,0.23951862782269875,0.257364169158352
2-5h,13631,3371,0.24730393954955615,0.24013295282870348,0.2546173146528926
