Gender,n,churn_1,rate,ci_low,ci_high
Prefer not to say,12558,3186,0.25370281892021024,0.2461685475236467,0.26138772754330986
Female,12633,3204,0.2536214675848967,0.24611019401559836,0.26128253380446437
Non-binary,12336,3096,0.2509727626459144,0.24339999963415138,0.25870057268655855
Male,12473,3074,0.24645233704802372,0.23896833031758016,0.25409247189943895
