Sleep_group,n,churn_1,rate,ci_low,ci_high
<5h,8656,2217,0.2561229205175601,0.2470372406694059,0.2654249654718418
7-9h,16614,4234,0.25484531118333936,0.24827618394866713,0.2615277806525158
>9h,8061,2053,0.25468304180622753,0.24529048363894562,0.2643092995441038
5-7h,16669,4056,0.2433259343691883,0.23687164178174272,0.24989850347907258
