,Age,Sleep_Hours,Work_Hours,Physical_Activity_Hours,Social_Media_Usage
Age,1.0,-0.0019506666084720323,-0.002963625418941251,0.003168267950203946,-0.004487067185761976
Sleep_Hours,-0.0019506666084720323,1.0,-0.0059787871611493276,0.004172710373092351,-0.0011451898803192737
Work_Hours,-0.002963625418941251,-0.0059787871611493276,1.0,-0.002772754387978139,0.004553392570228635
Physical_Activity_Hours,0.003168267950203946,0.004172710373092351,-0.002772754387978139,1.0,0.007444898508329554
Social_Media_Usage,-0.004487067185761976,-0.0011451898803192737,0.004553392570228635,0.007444898508329554,1.0
