,count,mean,std,min,25%,50%,75%,max
Age,50000.0,41.47308,13.844185369423904,18.0,29.0,41.0,53.0,65.0
Sleep_Hours,50000.0,7.009934425354004,1.7326741218566895,4.0,5.5,7.0,8.5,10.0
Work_Hours,50000.0,55.06286,14.691575322888603,30.0,42.0,55.0,68.0,80.0
Physical_Activity_Hours,50000.0,4.98204,3.161758588625554,0.0,2.0,5.0,8.0,10.0
Social_Media_Usage,50000.0,3.2431600093841553,1.5852354764938354,0.5,1.899999976158142,3.200000047683716,4.599999904632568,6.0
