variable,n,k2,p_value
Age,50000,44295.06378327432,0.0
Sleep_Hours,50000,43696.90234375,0.0
Work_Hours,50000,42651.238299774304,0.0
Physical_Activity_Hours,50000,52342.60628536352,0.0
Social_Media_Usage,50000,42592.96484375,0.0
