cluster_k2,n,churn_1,rate,churn_pct
0,30035,7631,0.2540702513733977,25.407025137339772
1,19965,4929,0.24688204357625845,24.688204357625846
