cluster_k2,Age,Sleep_Hours,Work_Hours,Physical_Activity_Hours,Social_Media_Usage,work_sleep_ratio,lifestyle_risk
0,41.53118028966206,7.849432328949559,48.47507907441319,5.003562510404528,3.2250574329948396,0.8949918488199181,0.5158981188613284
1,41.38567493112948,5.747007262709742,64.97340345604809,4.9496619083395945,3.2703931880791384,1.6584647961463166,0.5218632607062359
