cluster_k4,n,churn_1,rate,churn_pct
0,11008,2808,0.2550872093023256,25.50872093023256
1,11543,2916,0.25262063588321926,25.262063588321926
2,12155,3001,0.24689428218839984,24.689428218839986
3,15294,3835,0.25075192886099124,25.075192886099124
