cluster_k4,Age,Sleep_Hours,Work_Hours,Physical_Activity_Hours,Social_Media_Usage,work_sleep_ratio,lifestyle_risk
0,41.22919694767442,7.319849200581395,52.171875,1.1904978197674418,3.210128997093023,1.0558903173543912,1.2589026162790697
1,41.46062548730833,8.37351641687603,66.29853590920905,6.328857316122325,3.3275231742181406,1.1473797565129864,0.2695139911634757
2,41.55080213903744,5.168794734677087,65.43438914027149,5.403126285479226,3.250983134512546,1.8334993859860733,0.41990950226244345
3,41.59624689420688,7.2209755459657385,40.420818621681704,6.3598796913822415,3.1970445926507125,0.8394598963541384,0.2511442395710736
